index,lang_id
1,tsn
2,nbl
3,ven
4,ssw
5,afr
6,nso
7,eng
8,sot
9,zul
10,eng
11,nso
12,tso
13,tsn
14,sot
15,tso
16,xho
17,xho
18,ssw
19,afr
20,ven
21,afr
22,ven
23,zul
24,afr
25,nso
26,zul
27,ven
28,afr
29,nso
30,tso
31,zul
32,xho
33,sot
34,nso
35,ssw
36,afr
37,nso
38,xho
39,sot
40,eng
41,zul
42,ssw
43,ven
44,nbl
45,afr
46,ven
47,zul
48,ven
49,nbl
50,tsn
51,sot
52,xho
53,sot
54,sot
55,zul
56,ven
57,nbl
58,xho
59,ssw
60,sot
61,afr
62,tso
63,afr
64,zul
65,xho
66,ven
67,sot
68,nso
69,nso
70,zul
71,tsn
72,tso
73,xho
74,nso
75,tso
76,ven
77,zul
78,tso
79,xho
80,ssw
81,tsn
82,nso
83,xho
84,tsn
85,eng
86,nso
87,sot
88,tso
89,tso
90,zul
91,ssw
92,xho
93,zul
94,sot
95,ssw
96,nso
97,afr
98,ssw
99,ven
100,nbl
101,afr
102,tso
103,nso
104,zul
105,ven
106,ven
107,tsn
108,nso
109,sot
110,sot
111,xho
112,zul
113,xho
114,tso
115,zul
116,sot
117,afr
118,tsn
119,eng
120,eng
121,sot
122,eng
123,nbl
124,tso
125,nso
126,afr
127,ven
128,tso
129,tso
130,tsn
131,tso
132,ven
133,zul
134,sot
135,tsn
136,ssw
137,xho
138,sot
139,ssw
140,afr
141,sot
142,tsn
143,nbl
144,nso
145,nbl
146,ven
147,nso
148,sot
149,xho
150,ven
151,nso
152,xho
153,xho
154,tsn
155,sot
156,ven
157,ven
158,tsn
159,eng
160,sot
161,zul
162,tso
163,nso
164,xho
165,tsn
166,sot
167,xho
168,zul
169,eng
170,nbl
171,xho
172,nso
173,xho
174,afr
175,tso
176,nso
177,afr
178,xho
179,tso
180,xho
181,tsn
182,nso
183,ssw
184,ssw
185,sot
186,sot
187,zul
188,nbl
189,zul
190,nbl
191,xho
192,tso
193,sot
194,afr
195,zul
196,nso
197,sot
198,nbl
199,xho
200,eng
201,nso
202,afr
203,nbl
204,ven
205,nbl
206,afr
207,xho
208,ven
209,tsn
210,ssw
211,zul
212,tso
213,afr
214,nbl
215,ven
216,afr
217,afr
218,tso
219,afr
220,eng
221,tso
222,ven
223,afr
224,eng
225,eng
226,tsn
227,nso
228,eng
229,xho
230,nso
231,nbl
232,ven
233,ven
234,sot
235,xho
236,xho
237,sot
238,tso
239,sot
240,nso
241,afr
242,afr
243,ssw
244,nbl
245,ssw
246,nso
247,nso
248,nso
249,nbl
250,ssw
251,zul
252,sot
253,sot
254,afr
255,nbl
256,zul
257,nso
258,tsn
259,eng
260,tsn
261,zul
262,zul
263,nbl
264,sot
265,nbl
266,xho
267,ven
268,ssw
269,zul
270,afr
271,nso
272,afr
273,ssw
274,nso
275,ven
276,sot
277,ven
278,nso
279,sot
280,ssw
281,xho
282,nso
283,zul
284,nbl
285,eng
286,nbl
287,nso
288,zul
289,xho
290,sot
291,nso
292,nso
293,tso
294,nso
295,tsn
296,xho
297,nso
298,nso
299,zul
300,sot
301,zul
302,afr
303,xho
304,ven
305,nso
306,eng
307,nso
308,sot
309,ven
310,xho
311,ssw
312,zul
313,tso
314,xho
315,afr
316,nso
317,afr
318,nso
319,ven
320,ven
321,ven
322,xho
323,sot
324,nso
325,xho
326,afr
327,xho
328,tsn
329,ven
330,afr
331,nbl
332,xho
333,ssw
334,ssw
335,sot
336,afr
337,afr
338,ven
339,tso
340,sot
341,nso
342,ssw
343,xho
344,ven
345,tso
346,tsn
347,tso
348,tso
349,xho
350,afr
351,xho
352,afr
353,nso
354,nso
355,sot
356,ssw
357,ven
358,nso
359,nso
360,zul
361,afr
362,tso
363,nso
364,tso
365,tso
366,xho
367,zul
368,xho
369,eng
370,afr
371,nbl
372,afr
373,ven
374,xho
375,ven
376,tsn
377,nso
378,zul
379,nso
380,nso
381,tso
382,tsn
383,xho
384,tsn
385,afr
386,tsn
387,xho
388,sot
389,zul
390,sot
391,nso
392,afr
393,ven
394,nso
395,nbl
396,nso
397,xho
398,sot
399,afr
400,ssw
401,sot
402,tso
403,nso
404,nso
405,eng
406,nso
407,eng
408,nbl
409,tso
410,zul
411,xho
412,ssw
413,nso
414,nso
415,xho
416,nso
417,xho
418,tso
419,tso
420,tso
421,tsn
422,ven
423,ven
424,xho
425,ven
426,afr
427,sot
428,nbl
429,zul
430,zul
431,nso
432,xho
433,tsn
434,tsn
435,afr
436,ven
437,afr
438,tso
439,xho
440,ven
441,nso
442,xho
443,sot
444,xho
445,ssw
446,xho
447,tso
448,zul
449,tsn
450,nbl
451,ssw
452,ssw
453,ven
454,eng
455,tsn
456,ven
457,tsn
458,afr
459,sot
460,ssw
461,ven
462,afr
463,xho
464,sot
465,ven
466,xho
467,ssw
468,xho
469,zul
470,zul
471,eng
472,xho
473,afr
474,afr
475,nso
476,xho
477,xho
478,nso
479,sot
480,tso
481,zul
482,tso
483,afr
484,nbl
485,nso
486,ssw
487,eng
488,ven
489,nso
490,nso
491,nso
492,nso
493,afr
494,ven
495,nso
496,ven
497,ven
498,ven
499,zul
500,ven
501,nbl
502,nso
503,nbl
504,tsn
505,nso
506,afr
507,afr
508,sot
509,afr
510,afr
511,afr
512,nbl
513,eng
514,tsn
515,afr
516,tsn
517,eng
518,tsn
519,tso
520,ven
521,ssw
522,xho
523,ven
524,tsn
525,afr
526,ven
527,nbl
528,xho
529,sot
530,nso
531,nso
532,afr
533,nso
534,tsn
535,tsn
536,tso
537,tsn
538,eng
539,ven
540,xho
541,xho
542,zul
543,tso
544,eng
545,ssw
546,tso
547,xho
548,eng
549,nso
550,tsn
551,tsn
552,eng
553,zul
554,ssw
555,ven
556,eng
557,sot
558,ven
559,afr
560,nbl
561,tsn
562,xho
563,afr
564,zul
565,ssw
566,xho
567,xho
568,tsn
569,afr
570,afr
571,eng
572,tsn
573,sot
574,ssw
575,tsn
576,tsn
577,nbl
578,nbl
579,afr
580,ven
581,xho
582,sot
583,xho
584,ven
585,afr
586,ven
587,eng
588,eng
589,afr
590,afr
591,xho
592,sot
593,ven
594,afr
595,nso
596,ven
597,ssw
598,ven
599,ven
600,afr
601,zul
602,afr
603,nso
604,nso
605,tso
606,ven
607,nso
608,afr
609,afr
610,ven
611,tsn
612,sot
613,ssw
614,xho
615,afr
616,tso
617,tsn
618,ven
619,nbl
620,tso
621,tso
622,nbl
623,xho
624,xho
625,nso
626,zul
627,xho
628,ven
629,ven
630,zul
631,nso
632,xho
633,ssw
634,sot
635,afr
636,xho
637,nbl
638,eng
639,sot
640,tsn
641,ven
642,tso
643,tsn
644,tso
645,tsn
646,afr
647,xho
648,xho
649,tso
650,sot
651,afr
652,tsn
653,ven
654,nso
655,ven
656,afr
657,sot
658,sot
659,sot
660,zul
661,xho
662,afr
663,tsn
664,tso
665,ven
666,nbl
667,sot
668,xho
669,sot
670,nbl
671,nso
672,afr
673,tso
674,tsn
675,xho
676,nbl
677,afr
678,afr
679,tsn
680,nso
681,xho
682,xho
683,ssw
684,tsn
685,sot
686,xho
687,nbl
688,xho
689,nso
690,xho
691,eng
692,afr
693,nso
694,afr
695,ssw
696,zul
697,tso
698,nso
699,nso
700,ven
701,sot
702,tso
703,nso
704,xho
705,sot
706,tsn
707,xho
708,nso
709,tsn
710,nso
711,sot
712,tsn
713,nbl
714,tso
715,ven
716,sot
717,tso
718,tso
719,afr
720,eng
721,ven
722,afr
723,xho
724,sot
725,nbl
726,tso
727,nso
728,nbl
729,sot
730,nbl
731,xho
732,sot
733,sot
734,tsn
735,eng
736,afr
737,ssw
738,eng
739,afr
740,ven
741,afr
742,sot
743,tsn
744,tsn
745,eng
746,tsn
747,ven
748,tso
749,ven
750,zul
751,ssw
752,afr
753,xho
754,tsn
755,eng
756,nso
757,nbl
758,tso
759,tso
760,ssw
761,afr
762,tsn
763,nso
764,ven
765,xho
766,nso
767,nso
768,nso
769,sot
770,ven
771,eng
772,tsn
773,ven
774,afr
775,eng
776,tso
777,tsn
778,ssw
779,afr
780,tsn
781,nbl
782,zul
783,afr
784,nso
785,sot
786,afr
787,xho
788,nso
789,nso
790,tso
791,zul
792,xho
793,nbl
794,tso
795,eng
796,xho
797,tsn
798,xho
799,tsn
800,ssw
801,afr
802,afr
803,nso
804,nso
805,xho
806,tso
807,tsn
808,afr
809,nbl
810,xho
811,eng
812,nso
813,zul
814,ven
815,nbl
816,nso
817,xho
818,tsn
819,afr
820,nbl
821,afr
822,ven
823,nso
824,eng
825,nso
826,sot
827,ven
828,nso
829,ven
830,afr
831,nso
832,xho
833,ssw
834,zul
835,eng
836,nso
837,afr
838,afr
839,tsn
840,nso
841,eng
842,ven
843,eng
844,tsn
845,tsn
846,ven
847,ven
848,xho
849,sot
850,ven
851,tsn
852,zul
853,ven
854,nbl
855,ven
856,sot
857,afr
858,nbl
859,xho
860,afr
861,zul
862,tsn
863,ven
864,tsn
865,xho
866,xho
867,ssw
868,afr
869,nso
870,ven
871,tsn
872,nbl
873,ven
874,tso
875,nso
876,sot
877,xho
878,afr
879,zul
880,xho
881,afr
882,afr
883,ven
884,nso
885,xho
886,nbl
887,xho
888,nso
889,afr
890,afr
891,sot
892,tsn
893,tso
894,tsn
895,afr
896,sot
897,ven
898,xho
899,eng
900,sot
901,zul
902,xho
903,xho
904,zul
905,sot
906,ven
907,xho
908,xho
909,zul
910,ven
911,nbl
912,eng
913,xho
914,nso
915,nso
916,tsn
917,ven
918,ssw
919,nso
920,ven
921,sot
922,afr
923,ssw
924,afr
925,sot
926,ven
927,sot
928,nso
929,afr
930,xho
931,afr
932,tso
933,ven
934,tsn
935,tso
936,xho
937,nbl
938,sot
939,nso
940,tso
941,xho
942,tsn
943,tso
944,tsn
945,nso
946,afr
947,ven
948,nso
949,ven
950,tsn
951,ssw
952,ven
953,sot
954,zul
955,eng
956,sot
957,xho
958,ssw
959,ven
960,ssw
961,nso
962,tso
963,ssw
964,tso
965,afr
966,tsn
967,afr
968,tso
969,tsn
970,zul
971,afr
972,ven
973,nso
974,zul
975,sot
976,nso
977,nso
978,ssw
979,tsn
980,xho
981,tso
982,xho
983,afr
984,afr
985,zul
986,ssw
987,ven
988,nbl
989,afr
990,ven
991,nbl
992,xho
993,tsn
994,ven
995,afr
996,ven
997,nso
998,afr
999,ssw
1000,afr
1001,xho
1002,tso
1003,tsn
1004,sot
1005,afr
1006,xho
1007,sot
1008,ssw
1009,zul
1010,xho
1011,xho
1012,tsn
1013,ven
1014,xho
1015,afr
1016,tsn
1017,sot
1018,afr
1019,xho
1020,tso
1021,tsn
1022,nso
1023,afr
1024,tso
1025,nbl
1026,afr
1027,sot
1028,afr
1029,ssw
1030,xho
1031,ssw
1032,sot
1033,xho
1034,tso
1035,sot
1036,nso
1037,tso
1038,nso
1039,nso
1040,afr
1041,tso
1042,afr
1043,ssw
1044,nso
1045,tso
1046,afr
1047,xho
1048,eng
1049,sot
1050,ssw
1051,zul
1052,nso
1053,nso
1054,tsn
1055,nso
1056,eng
1057,sot
1058,sot
1059,tsn
1060,ssw
1061,eng
1062,xho
1063,xho
1064,nso
1065,tsn
1066,zul
1067,tso
1068,ssw
1069,nbl
1070,tsn
1071,tsn
1072,sot
1073,tso
1074,eng
1075,tsn
1076,sot
1077,zul
1078,ven
1079,afr
1080,sot
1081,nbl
1082,ven
1083,xho
1084,tsn
1085,zul
1086,sot
1087,ven
1088,tsn
1089,nso
1090,ven
1091,tso
1092,zul
1093,ven
1094,tso
1095,xho
1096,xho
1097,ven
1098,tso
1099,afr
1100,sot
1101,xho
1102,zul
1103,zul
1104,sot
1105,nso
1106,xho
1107,nso
1108,nso
1109,ven
1110,ven
1111,xho
1112,nbl
1113,tso
1114,tso
1115,afr
1116,afr
1117,afr
1118,tso
1119,tsn
1120,ven
1121,nso
1122,tsn
1123,nso
1124,afr
1125,tsn
1126,tso
1127,ven
1128,tso
1129,afr
1130,tso
1131,sot
1132,afr
1133,xho
1134,xho
1135,tsn
1136,xho
1137,tsn
1138,zul
1139,ven
1140,eng
1141,tso
1142,afr
1143,zul
1144,tso
1145,tso
1146,ven
1147,ven
1148,tsn
1149,nso
1150,tsn
1151,ven
1152,xho
1153,nso
1154,xho
1155,tsn
1156,xho
1157,sot
1158,nso
1159,tso
1160,afr
1161,sot
1162,nbl
1163,ssw
1164,tso
1165,eng
1166,eng
1167,xho
1168,nbl
1169,tso
1170,xho
1171,tsn
1172,tsn
1173,eng
1174,nbl
1175,eng
1176,ssw
1177,nso
1178,nbl
1179,eng
1180,zul
1181,ven
1182,nso
1183,nso
1184,nso
1185,nso
1186,afr
1187,ven
1188,sot
1189,nso
1190,nso
1191,nso
1192,ven
1193,eng
1194,xho
1195,nso
1196,afr
1197,zul
1198,sot
1199,zul
1200,zul
1201,tso
1202,tso
1203,nso
1204,xho
1205,nso
1206,afr
1207,eng
1208,tsn
1209,nso
1210,afr
1211,tsn
1212,nso
1213,xho
1214,nso
1215,eng
1216,zul
1217,afr
1218,ssw
1219,ssw
1220,afr
1221,tso
1222,nso
1223,afr
1224,zul
1225,ssw
1226,zul
1227,tso
1228,nbl
1229,eng
1230,nbl
1231,ssw
1232,xho
1233,ven
1234,tsn
1235,sot
1236,ven
1237,xho
1238,afr
1239,zul
1240,sot
1241,afr
1242,ssw
1243,afr
1244,afr
1245,ssw
1246,sot
1247,eng
1248,sot
1249,ssw
1250,nso
1251,ssw
1252,zul
1253,nso
1254,tso
1255,nso
1256,ven
1257,nso
1258,sot
1259,xho
1260,ssw
1261,afr
1262,tsn
1263,ssw
1264,tsn
1265,afr
1266,nbl
1267,tso
1268,nso
1269,nbl
1270,ven
1271,zul
1272,nso
1273,ven
1274,afr
1275,ssw
1276,afr
1277,xho
1278,xho
1279,eng
1280,tso
1281,xho
1282,eng
1283,nbl
1284,ven
1285,afr
1286,tsn
1287,nso
1288,nbl
1289,sot
1290,xho
1291,afr
1292,afr
1293,xho
1294,ven
1295,afr
1296,ven
1297,xho
1298,sot
1299,tsn
1300,nso
1301,nbl
1302,ssw
1303,zul
1304,ven
1305,sot
1306,tsn
1307,afr
1308,ssw
1309,afr
1310,sot
1311,nso
1312,xho
1313,nso
1314,zul
1315,tso
1316,nbl
1317,tsn
1318,nbl
1319,nso
1320,sot
1321,afr
1322,nso
1323,afr
1324,ven
1325,sot
1326,afr
1327,afr
1328,tso
1329,sot
1330,tsn
1331,ssw
1332,zul
1333,tso
1334,ven
1335,ssw
1336,tsn
1337,tso
1338,sot
1339,afr
1340,nso
1341,ven
1342,sot
1343,nso
1344,nso
1345,tsn
1346,nbl
1347,tsn
1348,nso
1349,nso
1350,tso
1351,tso
1352,xho
1353,sot
1354,ven
1355,ven
1356,xho
1357,nbl
1358,sot
1359,zul
1360,xho
1361,xho
1362,xho
1363,tsn
1364,afr
1365,sot
1366,ven
1367,nso
1368,tso
1369,tso
1370,nso
1371,eng
1372,ven
1373,xho
1374,xho
1375,afr
1376,ven
1377,xho
1378,nso
1379,sot
1380,nbl
1381,ven
1382,tsn
1383,ven
1384,tsn
1385,tsn
1386,xho
1387,ven
1388,ven
1389,tsn
1390,afr
1391,ssw
1392,afr
1393,ven
1394,tso
1395,nso
1396,tsn
1397,tsn
1398,tso
1399,tsn
1400,nso
1401,zul
1402,nso
1403,afr
1404,afr
1405,tsn
1406,nso
1407,sot
1408,nso
1409,tso
1410,afr
1411,zul
1412,nso
1413,tso
1414,sot
1415,afr
1416,tso
1417,nso
1418,nso
1419,zul
1420,nso
1421,tsn
1422,tsn
1423,afr
1424,tsn
1425,ven
1426,xho
1427,tsn
1428,ven
1429,nso
1430,xho
1431,afr
1432,ven
1433,tso
1434,tsn
1435,tso
1436,zul
1437,nbl
1438,nso
1439,ven
1440,nso
1441,ssw
1442,zul
1443,ssw
1444,nso
1445,eng
1446,afr
1447,afr
1448,sot
1449,xho
1450,afr
1451,ven
1452,ven
1453,tsn
1454,ven
1455,nso
1456,zul
1457,afr
1458,ven
1459,afr
1460,zul
1461,xho
1462,afr
1463,zul
1464,ven
1465,eng
1466,ssw
1467,afr
1468,tsn
1469,tsn
1470,xho
1471,xho
1472,afr
1473,zul
1474,tso
1475,nbl
1476,sot
1477,nso
1478,ven
1479,xho
1480,xho
1481,afr
1482,afr
1483,afr
1484,nbl
1485,sot
1486,sot
1487,tso
1488,zul
1489,afr
1490,nso
1491,zul
1492,ssw
1493,tsn
1494,xho
1495,ven
1496,xho
1497,sot
1498,afr
1499,eng
1500,ven
1501,eng
1502,ssw
1503,ssw
1504,nso
1505,nso
1506,ven
1507,ssw
1508,ven
1509,sot
1510,tsn
1511,ven
1512,zul
1513,ven
1514,ssw
1515,eng
1516,xho
1517,xho
1518,tsn
1519,ven
1520,sot
1521,tso
1522,sot
1523,afr
1524,eng
1525,tso
1526,sot
1527,zul
1528,tsn
1529,eng
1530,afr
1531,ssw
1532,ssw
1533,afr
1534,tsn
1535,ven
1536,sot
1537,nso
1538,afr
1539,tso
1540,sot
1541,ven
1542,nbl
1543,ssw
1544,zul
1545,tsn
1546,xho
1547,afr
1548,afr
1549,tsn
1550,ven
1551,sot
1552,eng
1553,ven
1554,sot
1555,ven
1556,xho
1557,xho
1558,zul
1559,tsn
1560,xho
1561,nbl
1562,tsn
1563,ven
1564,tsn
1565,ven
1566,ssw
1567,tso
1568,ssw
1569,nso
1570,xho
1571,sot
1572,xho
1573,ssw
1574,nso
1575,ven
1576,zul
1577,xho
1578,afr
1579,ssw
1580,nbl
1581,eng
1582,nso
1583,afr
1584,zul
1585,tsn
1586,zul
1587,tsn
1588,ven
1589,zul
1590,sot
1591,eng
1592,nso
1593,nso
1594,xho
1595,ssw
1596,nso
1597,nbl
1598,zul
1599,tsn
1600,zul
1601,xho
1602,zul
1603,zul
1604,xho
1605,tsn
1606,ssw
1607,tso
1608,zul
1609,tsn
1610,nbl
1611,ven
1612,zul
1613,nso
1614,zul
1615,nso
1616,sot
1617,tso
1618,zul
1619,zul
1620,nbl
1621,nso
1622,afr
1623,eng
1624,ven
1625,zul
1626,tso
1627,zul
1628,ssw
1629,afr
1630,xho
1631,eng
1632,zul
1633,nbl
1634,xho
1635,nso
1636,zul
1637,ven
1638,zul
1639,sot
1640,afr
1641,nbl
1642,tso
1643,eng
1644,afr
1645,ven
1646,tso
1647,nso
1648,xho
1649,ssw
1650,ssw
1651,tso
1652,nso
1653,xho
1654,nso
1655,ven
1656,tsn
1657,tso
1658,afr
1659,afr
1660,zul
1661,tso
1662,afr
1663,nbl
1664,sot
1665,nbl
1666,tsn
1667,afr
1668,nbl
1669,nso
1670,sot
1671,afr
1672,xho
1673,ven
1674,ven
1675,afr
1676,zul
1677,afr
1678,nso
1679,ssw
1680,tsn
1681,tso
1682,sot
1683,afr
1684,ven
1685,sot
1686,sot
1687,ven
1688,nso
1689,afr
1690,ssw
1691,afr
1692,zul
1693,tso
1694,sot
1695,sot
1696,afr
1697,nbl
1698,nbl
1699,tso
1700,tsn
1701,xho
1702,ven
1703,xho
1704,tsn
1705,nso
1706,zul
1707,sot
1708,zul
1709,ssw
1710,afr
1711,ssw
1712,afr
1713,tsn
1714,ssw
1715,ven
1716,afr
1717,tsn
1718,nbl
1719,zul
1720,nso
1721,xho
1722,ven
1723,tsn
1724,ven
1725,sot
1726,ven
1727,nso
1728,zul
1729,ven
1730,nbl
1731,ven
1732,afr
1733,eng
1734,zul
1735,tsn
1736,zul
1737,ven
1738,xho
1739,ven
1740,ven
1741,xho
1742,xho
1743,ven
1744,tsn
1745,sot
1746,ven
1747,sot
1748,ssw
1749,nso
1750,nso
1751,tsn
1752,zul
1753,tso
1754,afr
1755,ven
1756,ven
1757,ven
1758,tso
1759,afr
1760,nso
1761,tsn
1762,ssw
1763,xho
1764,nso
1765,ssw
1766,afr
1767,afr
1768,nbl
1769,zul
1770,zul
1771,sot
1772,sot
1773,ven
1774,nbl
1775,ssw
1776,tso
1777,ven
1778,tso
1779,sot
1780,zul
1781,tso
1782,ven
1783,nso
1784,nso
1785,tso
1786,eng
1787,nbl
1788,xho
1789,tsn
1790,xho
1791,afr
1792,tsn
1793,tsn
1794,tsn
1795,ssw
1796,zul
1797,tsn
1798,xho
1799,zul
1800,eng
1801,zul
1802,tso
1803,nso
1804,sot
1805,sot
1806,nbl
1807,ven
1808,tsn
1809,nbl
1810,ven
1811,ven
1812,ssw
1813,ssw
1814,ven
1815,sot
1816,tso
1817,xho
1818,nso
1819,nbl
1820,xho
1821,afr
1822,nbl
1823,afr
1824,tsn
1825,afr
1826,afr
1827,tsn
1828,xho
1829,ssw
1830,afr
1831,tso
1832,tso
1833,sot
1834,tsn
1835,zul
1836,ssw
1837,ven
1838,tsn
1839,tso
1840,tso
1841,xho
1842,nso
1843,nbl
1844,afr
1845,xho
1846,nbl
1847,ven
1848,nso
1849,nso
1850,ssw
1851,nso
1852,nso
1853,afr
1854,nso
1855,sot
1856,afr
1857,tso
1858,zul
1859,nso
1860,sot
1861,nbl
1862,nbl
1863,ssw
1864,ssw
1865,eng
1866,ven
1867,nbl
1868,xho
1869,zul
1870,afr
1871,zul
1872,sot
1873,nbl
1874,ven
1875,tso
1876,tsn
1877,ven
1878,afr
1879,xho
1880,tso
1881,sot
1882,ven
1883,nso
1884,ven
1885,ven
1886,sot
1887,sot
1888,nso
1889,sot
1890,ven
1891,nso
1892,eng
1893,nbl
1894,nbl
1895,afr
1896,ven
1897,sot
1898,ven
1899,nso
1900,sot
1901,xho
1902,ven
1903,tsn
1904,nso
1905,tsn
1906,tsn
1907,tsn
1908,ven
1909,tsn
1910,nso
1911,nso
1912,ven
1913,afr
1914,afr
1915,afr
1916,xho
1917,ssw
1918,nbl
1919,tso
1920,tsn
1921,xho
1922,nso
1923,sot
1924,zul
1925,xho
1926,sot
1927,ven
1928,afr
1929,ven
1930,sot
1931,tsn
1932,sot
1933,ven
1934,xho
1935,zul
1936,tsn
1937,xho
1938,nso
1939,afr
1940,afr
1941,xho
1942,tsn
1943,nbl
1944,zul
1945,zul
1946,ven
1947,nso
1948,zul
1949,xho
1950,nso
1951,afr
1952,nso
1953,nso
1954,tsn
1955,nbl
1956,ssw
1957,nbl
1958,ven
1959,tsn
1960,xho
1961,ven
1962,afr
1963,tso
1964,ssw
1965,ssw
1966,ssw
1967,ssw
1968,nso
1969,tsn
1970,afr
1971,xho
1972,sot
1973,ssw
1974,zul
1975,tsn
1976,nso
1977,xho
1978,afr
1979,nso
1980,sot
1981,nso
1982,tsn
1983,nso
1984,tsn
1985,ssw
1986,tso
1987,nso
1988,xho
1989,sot
1990,tso
1991,ssw
1992,tso
1993,tso
1994,nso
1995,ven
1996,ven
1997,zul
1998,eng
1999,xho
2000,xho
2001,ven
2002,ven
2003,nso
2004,xho
2005,ven
2006,afr
2007,tso
2008,xho
2009,sot
2010,tsn
2011,ssw
2012,zul
2013,ven
2014,afr
2015,zul
2016,nso
2017,xho
2018,afr
2019,tsn
2020,zul
2021,sot
2022,tsn
2023,tso
2024,nbl
2025,afr
2026,xho
2027,nso
2028,nso
2029,xho
2030,tso
2031,nso
2032,xho
2033,ven
2034,ven
2035,tsn
2036,tso
2037,sot
2038,tso
2039,xho
2040,sot
2041,afr
2042,nso
2043,nso
2044,xho
2045,nso
2046,nso
2047,sot
2048,nso
2049,afr
2050,afr
2051,ssw
2052,eng
2053,tsn
2054,tsn
2055,nso
2056,afr
2057,eng
2058,nso
2059,tso
2060,afr
2061,tso
2062,xho
2063,tso
2064,zul
2065,eng
2066,afr
2067,ven
2068,tsn
2069,xho
2070,xho
2071,nso
2072,nso
2073,sot
2074,nso
2075,ven
2076,eng
2077,afr
2078,ven
2079,zul
2080,zul
2081,afr
2082,sot
2083,afr
2084,eng
2085,xho
2086,nbl
2087,sot
2088,tsn
2089,sot
2090,ssw
2091,nbl
2092,sot
2093,ven
2094,nbl
2095,xho
2096,tsn
2097,xho
2098,ven
2099,tso
2100,sot
2101,nso
2102,xho
2103,eng
2104,tso
2105,afr
2106,xho
2107,nbl
2108,ven
2109,tso
2110,xho
2111,zul
2112,afr
2113,afr
2114,tsn
2115,nso
2116,nbl
2117,nso
2118,tsn
2119,tsn
2120,xho
2121,sot
2122,tso
2123,ven
2124,ssw
2125,sot
2126,afr
2127,afr
2128,tso
2129,zul
2130,tso
2131,sot
2132,nso
2133,nso
2134,nso
2135,sot
2136,tso
2137,afr
2138,eng
2139,sot
2140,xho
2141,nso
2142,sot
2143,ssw
2144,tso
2145,ven
2146,afr
2147,sot
2148,tso
2149,zul
2150,afr
2151,xho
2152,tso
2153,ven
2154,nso
2155,zul
2156,ssw
2157,xho
2158,tsn
2159,nso
2160,zul
2161,afr
2162,nso
2163,xho
2164,xho
2165,xho
2166,ven
2167,xho
2168,tso
2169,nbl
2170,nso
2171,ssw
2172,tso
2173,tsn
2174,nso
2175,ven
2176,afr
2177,ven
2178,ven
2179,nso
2180,tso
2181,xho
2182,tso
2183,tso
2184,xho
2185,sot
2186,nso
2187,tsn
2188,zul
2189,nbl
2190,ssw
2191,ssw
2192,afr
2193,tsn
2194,tso
2195,ven
2196,nso
2197,tso
2198,tso
2199,afr
2200,xho
2201,xho
2202,eng
2203,tsn
2204,sot
2205,tsn
2206,nso
2207,zul
2208,xho
2209,tsn
2210,ssw
2211,afr
2212,ssw
2213,ven
2214,tsn
2215,nso
2216,nso
2217,tso
2218,afr
2219,nso
2220,xho
2221,nso
2222,xho
2223,nso
2224,nbl
2225,ssw
2226,sot
2227,zul
2228,nso
2229,nbl
2230,afr
2231,tsn
2232,ssw
2233,eng
2234,eng
2235,nbl
2236,afr
2237,zul
2238,zul
2239,tsn
2240,ssw
2241,eng
2242,ven
2243,afr
2244,zul
2245,xho
2246,ssw
2247,xho
2248,xho
2249,xho
2250,xho
2251,tsn
2252,zul
2253,nso
2254,eng
2255,tsn
2256,nbl
2257,sot
2258,sot
2259,tsn
2260,ssw
2261,ven
2262,ven
2263,nso
2264,tsn
2265,afr
2266,tso
2267,sot
2268,afr
2269,ven
2270,sot
2271,sot
2272,sot
2273,nso
2274,xho
2275,nso
2276,tsn
2277,sot
2278,afr
2279,ssw
2280,zul
2281,ven
2282,tso
2283,eng
2284,nbl
2285,afr
2286,zul
2287,nso
2288,eng
2289,nso
2290,tso
2291,tso
2292,afr
2293,xho
2294,nso
2295,ssw
2296,xho
2297,afr
2298,sot
2299,sot
2300,ven
2301,sot
2302,afr
2303,xho
2304,tsn
2305,afr
2306,afr
2307,tsn
2308,xho
2309,nso
2310,zul
2311,zul
2312,sot
2313,ven
2314,tsn
2315,nso
2316,afr
2317,xho
2318,xho
2319,sot
2320,afr
2321,sot
2322,sot
2323,xho
2324,tso
2325,ven
2326,afr
2327,nso
2328,ssw
2329,ven
2330,zul
2331,nso
2332,tsn
2333,nso
2334,nso
2335,afr
2336,ven
2337,xho
2338,tsn
2339,nso
2340,tsn
2341,zul
2342,tsn
2343,ssw
2344,xho
2345,nso
2346,sot
2347,ven
2348,ssw
2349,nbl
2350,xho
2351,nbl
2352,sot
2353,afr
2354,zul
2355,ssw
2356,nso
2357,xho
2358,ven
2359,tsn
2360,tsn
2361,xho
2362,nbl
2363,nso
2364,xho
2365,ssw
2366,zul
2367,nso
2368,sot
2369,afr
2370,zul
2371,nso
2372,afr
2373,xho
2374,zul
2375,ssw
2376,nbl
2377,afr
2378,tso
2379,afr
2380,tso
2381,ven
2382,zul
2383,eng
2384,afr
2385,nso
2386,nso
2387,ven
2388,zul
2389,tsn
2390,afr
2391,zul
2392,xho
2393,xho
2394,ssw
2395,eng
2396,sot
2397,nso
2398,afr
2399,ven
2400,sot
2401,xho
2402,tsn
2403,ven
2404,afr
2405,afr
2406,ssw
2407,afr
2408,afr
2409,tsn
2410,ssw
2411,afr
2412,afr
2413,sot
2414,nso
2415,nso
2416,tsn
2417,ven
2418,ssw
2419,ven
2420,sot
2421,ven
2422,nso
2423,tso
2424,tsn
2425,afr
2426,ven
2427,afr
2428,sot
2429,tsn
2430,nso
2431,tso
2432,xho
2433,ssw
2434,ssw
2435,nso
2436,xho
2437,xho
2438,nbl
2439,ven
2440,xho
2441,xho
2442,zul
2443,xho
2444,nso
2445,nbl
2446,xho
2447,nso
2448,tsn
2449,nbl
2450,afr
2451,nso
2452,afr
2453,nbl
2454,eng
2455,ven
2456,sot
2457,xho
2458,nbl
2459,sot
2460,afr
2461,afr
2462,nso
2463,nso
2464,xho
2465,zul
2466,nbl
2467,ven
2468,afr
2469,tso
2470,xho
2471,afr
2472,nbl
2473,ven
2474,ssw
2475,zul
2476,xho
2477,zul
2478,nso
2479,ven
2480,nbl
2481,afr
2482,nbl
2483,sot
2484,tso
2485,nbl
2486,ven
2487,xho
2488,xho
2489,nbl
2490,ven
2491,ven
2492,afr
2493,sot
2494,tsn
2495,nso
2496,tsn
2497,ssw
2498,afr
2499,ven
2500,xho
2501,afr
2502,zul
2503,afr
2504,tsn
2505,nbl
2506,sot
2507,ssw
2508,afr
2509,xho
2510,afr
2511,eng
2512,tso
2513,nso
2514,xho
2515,tsn
2516,nso
2517,ven
2518,nso
2519,ssw
2520,tsn
2521,sot
2522,afr
2523,ven
2524,sot
2525,ven
2526,sot
2527,nso
2528,tso
2529,zul
2530,xho
2531,eng
2532,afr
2533,sot
2534,zul
2535,zul
2536,tso
2537,nso
2538,afr
2539,tso
2540,xho
2541,afr
2542,tsn
2543,nso
2544,eng
2545,ven
2546,sot
2547,tso
2548,ven
2549,afr
2550,xho
2551,nso
2552,nso
2553,sot
2554,tso
2555,xho
2556,sot
2557,tsn
2558,nbl
2559,ven
2560,ven
2561,tso
2562,xho
2563,sot
2564,afr
2565,xho
2566,nso
2567,afr
2568,tsn
2569,nso
2570,ven
2571,nso
2572,ven
2573,ven
2574,ssw
2575,zul
2576,tsn
2577,xho
2578,eng
2579,sot
2580,nso
2581,ven
2582,nso
2583,eng
2584,zul
2585,tso
2586,nso
2587,sot
2588,zul
2589,tso
2590,afr
2591,ven
2592,tsn
2593,tsn
2594,nbl
2595,tso
2596,xho
2597,afr
2598,ven
2599,tsn
2600,ven
2601,nso
2602,eng
2603,ven
2604,afr
2605,afr
2606,eng
2607,tsn
2608,ven
2609,tso
2610,zul
2611,tsn
2612,eng
2613,afr
2614,sot
2615,tsn
2616,nbl
2617,xho
2618,afr
2619,xho
2620,ven
2621,tsn
2622,afr
2623,zul
2624,tso
2625,nso
2626,tso
2627,ven
2628,eng
2629,afr
2630,tsn
2631,xho
2632,xho
2633,ssw
2634,sot
2635,afr
2636,nbl
2637,ssw
2638,nbl
2639,sot
2640,eng
2641,afr
2642,afr
2643,sot
2644,afr
2645,nso
2646,sot
2647,sot
2648,nso
2649,tsn
2650,ven
2651,eng
2652,eng
2653,eng
2654,zul
2655,xho
2656,xho
2657,ssw
2658,ssw
2659,eng
2660,ssw
2661,zul
2662,ven
2663,ssw
2664,ven
2665,xho
2666,nso
2667,sot
2668,nbl
2669,ven
2670,nso
2671,ven
2672,ven
2673,nbl
2674,nso
2675,ven
2676,tsn
2677,tso
2678,ssw
2679,zul
2680,eng
2681,afr
2682,xho
2683,sot
2684,nbl
2685,ven
2686,zul
2687,zul
2688,sot
2689,zul
2690,nso
2691,tso
2692,ssw
2693,xho
2694,ven
2695,ven
2696,afr
2697,xho
2698,ven
2699,sot
2700,ven
2701,xho
2702,afr
2703,ven
2704,ven
2705,tso
2706,nso
2707,sot
2708,sot
2709,xho
2710,afr
2711,nbl
2712,xho
2713,zul
2714,nso
2715,ssw
2716,ssw
2717,sot
2718,sot
2719,xho
2720,afr
2721,sot
2722,tso
2723,tsn
2724,ven
2725,sot
2726,afr
2727,afr
2728,tso
2729,nbl
2730,nbl
2731,nso
2732,sot
2733,xho
2734,ven
2735,afr
2736,tsn
2737,sot
2738,zul
2739,sot
2740,tsn
2741,ven
2742,afr
2743,nso
2744,ssw
2745,tsn
2746,xho
2747,afr
2748,tsn
2749,tsn
2750,nso
2751,afr
2752,nso
2753,xho
2754,ven
2755,ven
2756,nso
2757,ven
2758,nso
2759,afr
2760,tsn
2761,afr
2762,tsn
2763,zul
2764,afr
2765,tsn
2766,nso
2767,sot
2768,sot
2769,sot
2770,tso
2771,eng
2772,xho
2773,afr
2774,tsn
2775,afr
2776,tso
2777,xho
2778,afr
2779,afr
2780,nso
2781,ssw
2782,afr
2783,tsn
2784,xho
2785,afr
2786,ven
2787,eng
2788,nbl
2789,ven
2790,ven
2791,nso
2792,afr
2793,ven
2794,ven
2795,tso
2796,nso
2797,sot
2798,nso
2799,ven
2800,nso
2801,ven
2802,ssw
2803,afr
2804,xho
2805,tsn
2806,sot
2807,xho
2808,ssw
2809,afr
2810,sot
2811,sot
2812,eng
2813,tsn
2814,afr
2815,xho
2816,tsn
2817,eng
2818,ssw
2819,tsn
2820,afr
2821,afr
2822,tsn
2823,afr
2824,tso
2825,nso
2826,sot
2827,nso
2828,afr
2829,tso
2830,sot
2831,xho
2832,nso
2833,xho
2834,nso
2835,zul
2836,afr
2837,eng
2838,tso
2839,nso
2840,xho
2841,nso
2842,ssw
2843,tsn
2844,xho
2845,nso
2846,afr
2847,nbl
2848,afr
2849,tsn
2850,ssw
2851,ssw
2852,ven
2853,ssw
2854,ven
2855,eng
2856,tsn
2857,tso
2858,afr
2859,tsn
2860,xho
2861,nso
2862,sot
2863,xho
2864,zul
2865,xho
2866,xho
2867,ssw
2868,tsn
2869,afr
2870,afr
2871,afr
2872,ven
2873,tsn
2874,ven
2875,nso
2876,ven
2877,afr
2878,nso
2879,xho
2880,tsn
2881,ven
2882,xho
2883,tso
2884,zul
2885,sot
2886,xho
2887,nso
2888,xho
2889,xho
2890,tso
2891,nso
2892,nso
2893,ssw
2894,ssw
2895,tso
2896,xho
2897,nbl
2898,zul
2899,afr
2900,tsn
2901,nso
2902,sot
2903,tso
2904,zul
2905,sot
2906,nso
2907,ssw
2908,xho
2909,afr
2910,tsn
2911,nso
2912,nso
2913,afr
2914,afr
2915,ven
2916,ven
2917,ssw
2918,ven
2919,afr
2920,tsn
2921,sot
2922,sot
2923,tsn
2924,sot
2925,xho
2926,afr
2927,xho
2928,ssw
2929,nbl
2930,nso
2931,xho
2932,afr
2933,xho
2934,nbl
2935,nso
2936,nso
2937,sot
2938,tso
2939,nso
2940,afr
2941,nso
2942,xho
2943,afr
2944,ven
2945,sot
2946,sot
2947,afr
2948,nbl
2949,tso
2950,tso
2951,afr
2952,sot
2953,afr
2954,tsn
2955,eng
2956,nso
2957,zul
2958,nso
2959,ven
2960,tsn
2961,eng
2962,afr
2963,ssw
2964,eng
2965,xho
2966,ven
2967,nso
2968,xho
2969,afr
2970,tso
2971,afr
2972,xho
2973,xho
2974,tso
2975,nso
2976,ssw
2977,tso
2978,tsn
2979,xho
2980,nso
2981,nso
2982,sot
2983,xho
2984,tso
2985,ssw
2986,ssw
2987,afr
2988,tso
2989,xho
2990,ven
2991,ven
2992,ssw
2993,afr
2994,ven
2995,tsn
2996,sot
2997,afr
2998,zul
2999,tsn
3000,ven
3001,tso
3002,tsn
3003,ssw
3004,afr
3005,afr
3006,afr
3007,nso
3008,xho
3009,sot
3010,sot
3011,ven
3012,zul
3013,sot
3014,afr
3015,afr
3016,ven
3017,zul
3018,zul
3019,nbl
3020,sot
3021,eng
3022,sot
3023,sot
3024,nso
3025,xho
3026,afr
3027,tsn
3028,ssw
3029,ven
3030,tso
3031,xho
3032,ssw
3033,tso
3034,afr
3035,tsn
3036,sot
3037,xho
3038,zul
3039,zul
3040,eng
3041,xho
3042,nso
3043,afr
3044,ven
3045,nbl
3046,zul
3047,ssw
3048,xho
3049,afr
3050,nso
3051,tsn
3052,afr
3053,ssw
3054,ven
3055,nso
3056,tsn
3057,nso
3058,zul
3059,afr
3060,afr
3061,ssw
3062,tso
3063,ven
3064,zul
3065,xho
3066,nso
3067,xho
3068,nso
3069,nso
3070,nso
3071,ssw
3072,afr
3073,afr
3074,zul
3075,xho
3076,tsn
3077,ven
3078,ven
3079,tsn
3080,eng
3081,ven
3082,afr
3083,eng
3084,tso
3085,nso
3086,ven
3087,sot
3088,ven
3089,zul
3090,eng
3091,nbl
3092,nso
3093,sot
3094,ssw
3095,tsn
3096,ven
3097,afr
3098,xho
3099,xho
3100,nbl
3101,nso
3102,ssw
3103,eng
3104,sot
3105,nso
3106,tso
3107,nso
3108,tsn
3109,xho
3110,nso
3111,afr
3112,xho
3113,ssw
3114,eng
3115,sot
3116,xho
3117,afr
3118,tso
3119,sot
3120,zul
3121,ven
3122,nso
3123,xho
3124,sot
3125,ven
3126,tsn
3127,sot
3128,zul
3129,sot
3130,zul
3131,afr
3132,ven
3133,zul
3134,eng
3135,xho
3136,nso
3137,sot
3138,ssw
3139,ven
3140,afr
3141,nso
3142,ssw
3143,afr
3144,ssw
3145,ven
3146,ssw
3147,tso
3148,afr
3149,ven
3150,ssw
3151,nso
3152,nso
3153,tsn
3154,xho
3155,ven
3156,xho
3157,afr
3158,xho
3159,ven
3160,tso
3161,eng
3162,xho
3163,tso
3164,zul
3165,nso
3166,ven
3167,ven
3168,afr
3169,tso
3170,tso
3171,eng
3172,afr
3173,sot
3174,sot
3175,tsn
3176,afr
3177,ven
3178,ven
3179,xho
3180,tso
3181,nso
3182,ssw
3183,ssw
3184,xho
3185,xho
3186,ven
3187,eng
3188,afr
3189,afr
3190,zul
3191,tsn
3192,tso
3193,zul
3194,nso
3195,xho
3196,nbl
3197,xho
3198,sot
3199,xho
3200,tsn
3201,xho
3202,sot
3203,eng
3204,afr
3205,nso
3206,afr
3207,afr
3208,tso
3209,zul
3210,nso
3211,xho
3212,xho
3213,eng
3214,nso
3215,xho
3216,ssw
3217,tsn
3218,xho
3219,ven
3220,ven
3221,xho
3222,tso
3223,ven
3224,ssw
3225,tso
3226,ven
3227,ssw
3228,nso
3229,ven
3230,nso
3231,afr
3232,afr
3233,nbl
3234,nbl
3235,nso
3236,sot
3237,xho
3238,sot
3239,xho
3240,ssw
3241,ven
3242,ven
3243,tso
3244,tsn
3245,zul
3246,sot
3247,zul
3248,tso
3249,ven
3250,nbl
3251,sot
3252,tsn
3253,nso
3254,tsn
3255,xho
3256,ven
3257,tsn
3258,tsn
3259,tsn
3260,sot
3261,ven
3262,tsn
3263,tso
3264,tso
3265,ssw
3266,zul
3267,ssw
3268,ven
3269,xho
3270,tso
3271,nbl
3272,ven
3273,nbl
3274,afr
3275,zul
3276,nso
3277,afr
3278,xho
3279,ven
3280,tsn
3281,zul
3282,nso
3283,tsn
3284,tsn
3285,zul
3286,sot
3287,nbl
3288,zul
3289,xho
3290,tsn
3291,zul
3292,zul
3293,nso
3294,zul
3295,afr
3296,xho
3297,xho
3298,nbl
3299,tsn
3300,sot
3301,afr
3302,nso
3303,nso
3304,afr
3305,tso
3306,eng
3307,tsn
3308,sot
3309,ven
3310,xho
3311,nso
3312,nso
3313,sot
3314,nso
3315,nbl
3316,sot
3317,tsn
3318,ssw
3319,afr
3320,nso
3321,zul
3322,eng
3323,sot
3324,ven
3325,afr
3326,sot
3327,nso
3328,nso
3329,xho
3330,afr
3331,afr
3332,tsn
3333,zul
3334,ssw
3335,nbl
3336,xho
3337,ven
3338,xho
3339,ven
3340,nso
3341,zul
3342,tso
3343,tsn
3344,tso
3345,ven
3346,ven
3347,tso
3348,tso
3349,nso
3350,tso
3351,ven
3352,ven
3353,xho
3354,tso
3355,tsn
3356,sot
3357,afr
3358,tso
3359,nso
3360,nso
3361,zul
3362,zul
3363,ven
3364,nso
3365,ven
3366,tsn
3367,ssw
3368,ven
3369,tso
3370,zul
3371,tsn
3372,afr
3373,ven
3374,ven
3375,tso
3376,tso
3377,xho
3378,eng
3379,afr
3380,sot
3381,xho
3382,nso
3383,tsn
3384,xho
3385,nso
3386,ssw
3387,ssw
3388,afr
3389,tso
3390,sot
3391,zul
3392,ssw
3393,nso
3394,ven
3395,xho
3396,ven
3397,sot
3398,zul
3399,ssw
3400,tsn
3401,nbl
3402,ven
3403,ven
3404,xho
3405,tsn
3406,nbl
3407,ven
3408,nbl
3409,nso
3410,xho
3411,ven
3412,eng
3413,eng
3414,afr
3415,afr
3416,xho
3417,nbl
3418,tsn
3419,nso
3420,ven
3421,nso
3422,ssw
3423,zul
3424,ven
3425,tsn
3426,nso
3427,nso
3428,nso
3429,nbl
3430,afr
3431,ssw
3432,nbl
3433,zul
3434,ven
3435,nso
3436,nbl
3437,xho
3438,afr
3439,xho
3440,tso
3441,ven
3442,ven
3443,ven
3444,ven
3445,tso
3446,ven
3447,afr
3448,tsn
3449,sot
3450,zul
3451,ssw
3452,xho
3453,afr
3454,xho
3455,sot
3456,ssw
3457,tsn
3458,xho
3459,ssw
3460,nbl
3461,xho
3462,ssw
3463,eng
3464,sot
3465,zul
3466,ven
3467,afr
3468,tso
3469,ssw
3470,sot
3471,nbl
3472,zul
3473,afr
3474,tso
3475,xho
3476,afr
3477,afr
3478,tsn
3479,afr
3480,tsn
3481,nso
3482,nbl
3483,nso
3484,xho
3485,sot
3486,xho
3487,ven
3488,nbl
3489,eng
3490,xho
3491,ven
3492,tsn
3493,afr
3494,ssw
3495,nso
3496,xho
3497,nso
3498,tsn
3499,tsn
3500,afr
3501,xho
3502,zul
3503,ven
3504,xho
3505,ven
3506,ven
3507,ven
3508,ven
3509,sot
3510,ven
3511,tsn
3512,zul
3513,nbl
3514,xho
3515,nso
3516,zul
3517,ven
3518,zul
3519,ven
3520,tso
3521,afr
3522,ven
3523,sot
3524,nbl
3525,tso
3526,nso
3527,zul
3528,zul
3529,nso
3530,afr
3531,ven
3532,xho
3533,tsn
3534,ven
3535,tsn
3536,nso
3537,ven
3538,sot
3539,tsn
3540,nso
3541,xho
3542,tsn
3543,ven
3544,ven
3545,tso
3546,ssw
3547,nso
3548,tsn
3549,ssw
3550,eng
3551,eng
3552,ven
3553,tso
3554,xho
3555,ssw
3556,xho
3557,nso
3558,tsn
3559,afr
3560,nso
3561,nso
3562,afr
3563,xho
3564,nso
3565,nso
3566,nso
3567,afr
3568,tso
3569,sot
3570,ssw
3571,xho
3572,nso
3573,afr
3574,tsn
3575,nso
3576,nbl
3577,ven
3578,afr
3579,ven
3580,nso
3581,eng
3582,tsn
3583,afr
3584,tso
3585,xho
3586,afr
3587,ven
3588,xho
3589,xho
3590,tso
3591,ven
3592,nso
3593,ven
3594,tso
3595,tso
3596,tsn
3597,tso
3598,nso
3599,afr
3600,tsn
3601,sot
3602,tsn
3603,zul
3604,tso
3605,tso
3606,afr
3607,sot
3608,zul
3609,nso
3610,tsn
3611,tso
3612,eng
3613,sot
3614,afr
3615,afr
3616,zul
3617,afr
3618,nbl
3619,ssw
3620,ssw
3621,eng
3622,ven
3623,nso
3624,nbl
3625,xho
3626,sot
3627,nso
3628,afr
3629,sot
3630,nso
3631,afr
3632,sot
3633,afr
3634,eng
3635,tso
3636,eng
3637,zul
3638,ssw
3639,sot
3640,ven
3641,sot
3642,tso
3643,nbl
3644,afr
3645,afr
3646,sot
3647,sot
3648,xho
3649,xho
3650,eng
3651,tso
3652,nso
3653,nso
3654,tsn
3655,ssw
3656,sot
3657,nso
3658,sot
3659,ssw
3660,zul
3661,nso
3662,sot
3663,zul
3664,nso
3665,sot
3666,nso
3667,ssw
3668,xho
3669,ssw
3670,tso
3671,xho
3672,tso
3673,tsn
3674,nbl
3675,tsn
3676,xho
3677,ssw
3678,zul
3679,xho
3680,ven
3681,nbl
3682,xho
3683,tsn
3684,tso
3685,eng
3686,sot
3687,tsn
3688,ven
3689,sot
3690,sot
3691,tso
3692,xho
3693,tsn
3694,xho
3695,sot
3696,sot
3697,xho
3698,ven
3699,ven
3700,ven
3701,ven
3702,xho
3703,tso
3704,nso
3705,ven
3706,tsn
3707,xho
3708,tso
3709,afr
3710,sot
3711,tso
3712,tso
3713,eng
3714,afr
3715,xho
3716,nbl
3717,afr
3718,ven
3719,tsn
3720,zul
3721,xho
3722,xho
3723,zul
3724,xho
3725,ssw
3726,afr
3727,nso
3728,afr
3729,tsn
3730,sot
3731,ssw
3732,ven
3733,zul
3734,zul
3735,xho
3736,nso
3737,afr
3738,afr
3739,ven
3740,tso
3741,tsn
3742,sot
3743,eng
3744,tsn
3745,tsn
3746,zul
3747,zul
3748,nso
3749,tsn
3750,tso
3751,ven
3752,afr
3753,nso
3754,nso
3755,nbl
3756,tsn
3757,sot
3758,sot
3759,afr
3760,nso
3761,nbl
3762,nso
3763,ven
3764,nso
3765,nso
3766,tsn
3767,zul
3768,xho
3769,eng
3770,nso
3771,tsn
3772,xho
3773,eng
3774,sot
3775,afr
3776,afr
3777,xho
3778,ssw
3779,tso
3780,nso
3781,nbl
3782,sot
3783,sot
3784,nso
3785,ssw
3786,xho
3787,zul
3788,xho
3789,zul
3790,xho
3791,afr
3792,zul
3793,tsn
3794,ven
3795,afr
3796,nso
3797,nso
3798,ssw
3799,nbl
3800,ven
3801,xho
3802,afr
3803,tsn
3804,eng
3805,tso
3806,tsn
3807,sot
3808,ssw
3809,afr
3810,tsn
3811,sot
3812,nso
3813,afr
3814,nbl
3815,ssw
3816,nso
3817,ssw
3818,tsn
3819,zul
3820,nso
3821,tsn
3822,ven
3823,eng
3824,nso
3825,xho
3826,ven
3827,sot
3828,afr
3829,tsn
3830,nso
3831,ssw
3832,ssw
3833,nbl
3834,ssw
3835,tsn
3836,tsn
3837,nbl
3838,nbl
3839,eng
3840,tsn
3841,nso
3842,ven
3843,tsn
3844,ven
3845,zul
3846,ven
3847,ven
3848,sot
3849,tsn
3850,nbl
3851,nso
3852,nso
3853,ven
3854,zul
3855,nso
3856,tsn
3857,nso
3858,afr
3859,sot
3860,tso
3861,zul
3862,afr
3863,xho
3864,xho
3865,ssw
3866,afr
3867,afr
3868,nso
3869,ven
3870,tso
3871,nbl
3872,ven
3873,tsn
3874,ssw
3875,afr
3876,eng
3877,ven
3878,ssw
3879,xho
3880,zul
3881,nso
3882,xho
3883,sot
3884,tsn
3885,sot
3886,ven
3887,tsn
3888,ssw
3889,sot
3890,afr
3891,zul
3892,nso
3893,sot
3894,sot
3895,nso
3896,ssw
3897,xho
3898,tso
3899,eng
3900,ven
3901,afr
3902,nso
3903,eng
3904,tsn
3905,sot
3906,nso
3907,nso
3908,xho
3909,afr
3910,afr
3911,zul
3912,xho
3913,tsn
3914,zul
3915,afr
3916,sot
3917,nbl
3918,nso
3919,nso
3920,tso
3921,ssw
3922,ven
3923,tsn
3924,ven
3925,zul
3926,nso
3927,nso
3928,nso
3929,afr
3930,zul
3931,afr
3932,xho
3933,sot
3934,nso
3935,nso
3936,xho
3937,afr
3938,tso
3939,afr
3940,ven
3941,ssw
3942,ven
3943,zul
3944,tso
3945,afr
3946,nso
3947,sot
3948,xho
3949,xho
3950,sot
3951,nso
3952,tso
3953,sot
3954,afr
3955,xho
3956,xho
3957,zul
3958,afr
3959,eng
3960,ven
3961,tso
3962,xho
3963,ven
3964,nso
3965,tsn
3966,xho
3967,sot
3968,xho
3969,zul
3970,nso
3971,xho
3972,xho
3973,nso
3974,sot
3975,ssw
3976,tsn
3977,nso
3978,nso
3979,tsn
3980,nso
3981,tso
3982,ssw
3983,afr
3984,nso
3985,sot
3986,ven
3987,xho
3988,afr
3989,ssw
3990,eng
3991,ven
3992,xho
3993,afr
3994,nbl
3995,ven
3996,ven
3997,tsn
3998,xho
3999,nso
4000,ven
4001,tso
4002,zul
4003,zul
4004,tso
4005,zul
4006,nso
4007,tsn
4008,xho
4009,ven
4010,nso
4011,xho
4012,tso
4013,nbl
4014,tsn
4015,tso
4016,nbl
4017,zul
4018,ssw
4019,nbl
4020,ven
4021,ssw
4022,afr
4023,nso
4024,tso
4025,zul
4026,tsn
4027,xho
4028,zul
4029,tso
4030,nbl
4031,tsn
4032,xho
4033,afr
4034,afr
4035,nso
4036,xho
4037,afr
4038,sot
4039,nbl
4040,sot
4041,ssw
4042,afr
4043,tsn
4044,xho
4045,ven
4046,ven
4047,ven
4048,sot
4049,xho
4050,afr
4051,ven
4052,afr
4053,nbl
4054,ven
4055,sot
4056,afr
4057,tsn
4058,ven
4059,nso
4060,afr
4061,ven
4062,ven
4063,xho
4064,ssw
4065,sot
4066,xho
4067,zul
4068,afr
4069,tso
4070,sot
4071,zul
4072,xho
4073,nso
4074,xho
4075,nso
4076,tsn
4077,ven
4078,xho
4079,afr
4080,sot
4081,xho
4082,afr
4083,sot
4084,nso
4085,tso
4086,afr
4087,tso
4088,sot
4089,ven
4090,tso
4091,afr
4092,tso
4093,tsn
4094,tsn
4095,xho
4096,afr
4097,nso
4098,tsn
4099,afr
4100,sot
4101,nso
4102,ven
4103,xho
4104,tsn
4105,tsn
4106,xho
4107,afr
4108,afr
4109,xho
4110,xho
4111,xho
4112,afr
4113,sot
4114,xho
4115,ven
4116,tsn
4117,nso
4118,sot
4119,ven
4120,ven
4121,afr
4122,nso
4123,zul
4124,afr
4125,tsn
4126,zul
4127,tsn
4128,sot
4129,tsn
4130,nso
4131,xho
4132,afr
4133,nso
4134,nso
4135,tso
4136,afr
4137,tsn
4138,eng
4139,ssw
4140,nso
4141,xho
4142,ssw
4143,nso
4144,sot
4145,xho
4146,ven
4147,nso
4148,tsn
4149,tsn
4150,afr
4151,nso
4152,zul
4153,sot
4154,sot
4155,afr
4156,afr
4157,afr
4158,nbl
4159,nbl
4160,afr
4161,xho
4162,nso
4163,zul
4164,tso
4165,tso
4166,ven
4167,tso
4168,ssw
4169,nso
4170,tsn
4171,tsn
4172,eng
4173,xho
4174,nbl
4175,xho
4176,ven
4177,sot
4178,tso
4179,tsn
4180,sot
4181,ven
4182,xho
4183,tso
4184,ssw
4185,tsn
4186,sot
4187,nso
4188,tsn
4189,afr
4190,nbl
4191,nso
4192,xho
4193,xho
4194,afr
4195,tsn
4196,xho
4197,eng
4198,afr
4199,xho
4200,xho
4201,nso
4202,nso
4203,nso
4204,xho
4205,ven
4206,ven
4207,nso
4208,afr
4209,zul
4210,ven
4211,tsn
4212,ssw
4213,nbl
4214,xho
4215,ven
4216,tso
4217,tso
4218,ven
4219,xho
4220,zul
4221,nso
4222,nbl
4223,nso
4224,xho
4225,afr
4226,nbl
4227,sot
4228,tsn
4229,ven
4230,xho
4231,ssw
4232,nso
4233,tso
4234,tsn
4235,tsn
4236,afr
4237,sot
4238,tso
4239,nso
4240,afr
4241,nso
4242,tso
4243,sot
4244,tso
4245,nbl
4246,ven
4247,ssw
4248,eng
4249,afr
4250,nso
4251,nso
4252,tso
4253,ven
4254,xho
4255,ven
4256,sot
4257,nbl
4258,sot
4259,xho
4260,ven
4261,xho
4262,ven
4263,nso
4264,xho
4265,nso
4266,nso
4267,afr
4268,tsn
4269,zul
4270,xho
4271,afr
4272,ssw
4273,xho
4274,nso
4275,zul
4276,ven
4277,xho
4278,xho
4279,tsn
4280,zul
4281,ven
4282,sot
4283,ven
4284,eng
4285,ssw
4286,ssw
4287,afr
4288,xho
4289,xho
4290,zul
4291,ven
4292,afr
4293,ssw
4294,zul
4295,xho
4296,tso
4297,tsn
4298,tsn
4299,tso
4300,ven
4301,sot
4302,nso
4303,nso
4304,nso
4305,nso
4306,afr
4307,afr
4308,afr
4309,xho
4310,tso
4311,sot
4312,sot
4313,nbl
4314,nbl
4315,afr
4316,ven
4317,tso
4318,tsn
4319,nso
4320,eng
4321,ven
4322,nso
4323,ven
4324,eng
4325,xho
4326,nso
4327,xho
4328,sot
4329,ven
4330,nso
4331,xho
4332,ven
4333,nso
4334,xho
4335,nso
4336,eng
4337,sot
4338,ven
4339,ven
4340,eng
4341,ssw
4342,afr
4343,zul
4344,ssw
4345,tso
4346,ssw
4347,sot
4348,xho
4349,nso
4350,afr
4351,xho
4352,zul
4353,afr
4354,tso
4355,xho
4356,nso
4357,tsn
4358,ven
4359,tsn
4360,afr
4361,nso
4362,sot
4363,afr
4364,eng
4365,sot
4366,afr
4367,zul
4368,nso
4369,nbl
4370,nso
4371,xho
4372,afr
4373,sot
4374,eng
4375,nso
4376,zul
4377,ven
4378,nso
4379,tsn
4380,tsn
4381,ssw
4382,ven
4383,nbl
4384,ven
4385,zul
4386,afr
4387,tsn
4388,nso
4389,afr
4390,afr
4391,xho
4392,nso
4393,nbl
4394,tso
4395,zul
4396,xho
4397,afr
4398,eng
4399,tso
4400,afr
4401,nso
4402,afr
4403,nso
4404,ven
4405,afr
4406,nso
4407,nso
4408,ssw
4409,ven
4410,nso
4411,afr
4412,tso
4413,ven
4414,ven
4415,zul
4416,nso
4417,afr
4418,zul
4419,sot
4420,nbl
4421,ssw
4422,ven
4423,sot
4424,tsn
4425,tsn
4426,eng
4427,ven
4428,nso
4429,ven
4430,sot
4431,nso
4432,sot
4433,afr
4434,tso
4435,afr
4436,afr
4437,nso
4438,ven
4439,ssw
4440,nbl
4441,tsn
4442,eng
4443,ven
4444,tsn
4445,nso
4446,nso
4447,nbl
4448,ven
4449,sot
4450,ven
4451,tso
4452,nbl
4453,zul
4454,tso
4455,zul
4456,afr
4457,xho
4458,zul
4459,tsn
4460,ven
4461,nso
4462,afr
4463,afr
4464,tso
4465,ven
4466,tso
4467,nbl
4468,ven
4469,tso
4470,ven
4471,xho
4472,afr
4473,tso
4474,nso
4475,afr
4476,xho
4477,nbl
4478,nso
4479,ven
4480,xho
4481,xho
4482,nso
4483,nso
4484,tsn
4485,ven
4486,zul
4487,tsn
4488,xho
4489,sot
4490,tsn
4491,nso
4492,tso
4493,ven
4494,ssw
4495,afr
4496,ven
4497,ven
4498,afr
4499,ssw
4500,nso
4501,zul
4502,xho
4503,nso
4504,tsn
4505,sot
4506,ven
4507,xho
4508,eng
4509,ven
4510,tsn
4511,nbl
4512,xho
4513,xho
4514,tso
4515,xho
4516,tsn
4517,xho
4518,sot
4519,ven
4520,tsn
4521,tsn
4522,nso
4523,ven
4524,ven
4525,zul
4526,nso
4527,tsn
4528,nso
4529,ven
4530,xho
4531,tsn
4532,xho
4533,ssw
4534,tsn
4535,afr
4536,sot
4537,nso
4538,xho
4539,tsn
4540,eng
4541,tsn
4542,afr
4543,afr
4544,tsn
4545,tso
4546,nso
4547,sot
4548,ven
4549,eng
4550,tsn
4551,zul
4552,afr
4553,tsn
4554,zul
4555,xho
4556,xho
4557,tso
4558,tso
4559,ven
4560,tsn
4561,tsn
4562,nso
4563,eng
4564,sot
4565,tsn
4566,sot
4567,sot
4568,ven
4569,zul
4570,sot
4571,tsn
4572,ven
4573,afr
4574,xho
4575,ssw
4576,tsn
4577,zul
4578,tsn
4579,zul
4580,xho
4581,tso
4582,tso
4583,sot
4584,nso
4585,tsn
4586,tsn
4587,ssw
4588,sot
4589,ssw
4590,nso
4591,sot
4592,zul
4593,tso
4594,ven
4595,ssw
4596,tsn
4597,ven
4598,eng
4599,sot
4600,afr
4601,nso
4602,ven
4603,sot
4604,tsn
4605,sot
4606,tso
4607,ssw
4608,afr
4609,xho
4610,nso
4611,afr
4612,nso
4613,tso
4614,afr
4615,afr
4616,xho
4617,eng
4618,tsn
4619,tsn
4620,afr
4621,ven
4622,xho
4623,tsn
4624,ven
4625,tso
4626,zul
4627,ven
4628,tso
4629,tso
4630,tsn
4631,tsn
4632,tsn
4633,eng
4634,ven
4635,tsn
4636,xho
4637,xho
4638,eng
4639,tso
4640,xho
4641,nso
4642,nso
4643,tso
4644,tso
4645,nso
4646,nso
4647,nso
4648,tso
4649,ven
4650,nbl
4651,zul
4652,sot
4653,ven
4654,afr
4655,nso
4656,tso
4657,ssw
4658,ssw
4659,tso
4660,xho
4661,zul
4662,xho
4663,nso
4664,xho
4665,afr
4666,eng
4667,zul
4668,nso
4669,afr
4670,xho
4671,xho
4672,nso
4673,ven
4674,nbl
4675,xho
4676,xho
4677,xho
4678,zul
4679,nso
4680,tso
4681,xho
4682,ssw
4683,zul
4684,ven
4685,xho
4686,afr
4687,sot
4688,tsn
4689,tso
4690,tso
4691,xho
4692,nbl
4693,nso
4694,tsn
4695,ven
4696,sot
4697,sot
4698,tsn
4699,ven
4700,ssw
4701,afr
4702,ssw
4703,tsn
4704,zul
4705,tso
4706,xho
4707,ven
4708,sot
4709,tsn
4710,nbl
4711,afr
4712,xho
4713,nso
4714,afr
4715,afr
4716,xho
4717,tsn
4718,eng
4719,xho
4720,nbl
4721,afr
4722,nso
4723,tsn
4724,xho
4725,sot
4726,xho
4727,zul
4728,tsn
4729,tsn
4730,eng
4731,nso
4732,xho
4733,nso
4734,eng
4735,xho
4736,xho
4737,tso
4738,tsn
4739,nbl
4740,tso
4741,nso
4742,nso
4743,sot
4744,xho
4745,ssw
4746,tsn
4747,xho
4748,nso
4749,afr
4750,xho
4751,afr
4752,zul
4753,sot
4754,nso
4755,nso
4756,afr
4757,nso
4758,tsn
4759,zul
4760,sot
4761,nso
4762,tsn
4763,tsn
4764,tsn
4765,tsn
4766,nso
4767,sot
4768,ven
4769,sot
4770,ven
4771,eng
4772,xho
4773,sot
4774,ssw
4775,eng
4776,nso
4777,nso
4778,sot
4779,nbl
4780,nbl
4781,nso
4782,ven
4783,tso
4784,afr
4785,afr
4786,tso
4787,xho
4788,ven
4789,afr
4790,tsn
4791,zul
4792,afr
4793,nbl
4794,afr
4795,nso
4796,ven
4797,ven
4798,tso
4799,nso
4800,afr
4801,xho
4802,nso
4803,tsn
4804,eng
4805,zul
4806,eng
4807,ven
4808,nso
4809,eng
4810,afr
4811,eng
4812,xho
4813,xho
4814,nbl
4815,nso
4816,tso
4817,ven
4818,tso
4819,tsn
4820,xho
4821,nbl
4822,nso
4823,nso
4824,sot
4825,sot
4826,afr
4827,tso
4828,nbl
4829,nso
4830,ssw
4831,sot
4832,ven
4833,eng
4834,ssw
4835,sot
4836,zul
4837,tsn
4838,sot
4839,nbl
4840,xho
4841,sot
4842,tsn
4843,zul
4844,xho
4845,xho
4846,ven
4847,tso
4848,afr
4849,tso
4850,xho
4851,afr
4852,sot
4853,tsn
4854,nbl
4855,nso
4856,xho
4857,nso
4858,zul
4859,ven
4860,afr
4861,afr
4862,afr
4863,ssw
4864,nso
4865,sot
4866,xho
4867,nso
4868,ssw
4869,xho
4870,afr
4871,ssw
4872,sot
4873,ven
4874,xho
4875,ven
4876,zul
4877,zul
4878,ven
4879,zul
4880,tsn
4881,xho
4882,afr
4883,ven
4884,nbl
4885,sot
4886,tso
4887,ssw
4888,nso
4889,xho
4890,nbl
4891,zul
4892,eng
4893,nso
4894,ven
4895,zul
4896,afr
4897,nbl
4898,zul
4899,nso
4900,tso
4901,eng
4902,tsn
4903,xho
4904,afr
4905,zul
4906,tso
4907,xho
4908,sot
4909,nso
4910,tsn
4911,sot
4912,sot
4913,nso
4914,nso
4915,nso
4916,xho
4917,tsn
4918,nso
4919,nbl
4920,nso
4921,afr
4922,nbl
4923,tso
4924,tso
4925,afr
4926,afr
4927,ven
4928,ven
4929,ven
4930,ssw
4931,nbl
4932,zul
4933,ven
4934,nso
4935,ven
4936,eng
4937,ssw
4938,tsn
4939,ssw
4940,nso
4941,ven
4942,nso
4943,ssw
4944,eng
4945,xho
4946,tso
4947,tsn
4948,tso
4949,afr
4950,xho
4951,eng
4952,afr
4953,nso
4954,ssw
4955,nso
4956,tso
4957,nso
4958,tsn
4959,xho
4960,eng
4961,nso
4962,ssw
4963,nso
4964,afr
4965,sot
4966,tsn
4967,nbl
4968,nbl
4969,sot
4970,nso
4971,nso
4972,nso
4973,ssw
4974,eng
4975,afr
4976,tso
4977,tso
4978,ven
4979,tsn
4980,zul
4981,afr
4982,afr
4983,tso
4984,nso
4985,afr
4986,nso
4987,ven
4988,afr
4989,ven
4990,afr
4991,nso
4992,tsn
4993,xho
4994,tsn
4995,afr
4996,tsn
4997,nso
4998,tsn
4999,afr
5000,eng
5001,sot
5002,ven
5003,tsn
5004,sot
5005,afr
5006,sot
5007,ssw
5008,afr
5009,ven
5010,ven
5011,xho
5012,sot
5013,ven
5014,nso
5015,tso
5016,sot
5017,zul
5018,ssw
5019,xho
5020,nso
5021,xho
5022,zul
5023,tso
5024,zul
5025,tso
5026,zul
5027,nso
5028,eng
5029,ssw
5030,sot
5031,ven
5032,sot
5033,afr
5034,afr
5035,nbl
5036,xho
5037,xho
5038,eng
5039,ssw
5040,tso
5041,ssw
5042,afr
5043,sot
5044,afr
5045,nso
5046,ssw
5047,zul
5048,tsn
5049,eng
5050,sot
5051,nbl
5052,sot
5053,sot
5054,tso
5055,ven
5056,zul
5057,afr
5058,xho
5059,zul
5060,afr
5061,sot
5062,zul
5063,tsn
5064,zul
5065,nbl
5066,ven
5067,sot
5068,ssw
5069,tsn
5070,nso
5071,afr
5072,zul
5073,ven
5074,ssw
5075,nso
5076,afr
5077,eng
5078,afr
5079,ven
5080,zul
5081,zul
5082,nbl
5083,ssw
5084,ven
5085,tso
5086,tsn
5087,sot
5088,xho
5089,nbl
5090,ven
5091,xho
5092,afr
5093,ssw
5094,sot
5095,afr
5096,eng
5097,ven
5098,ven
5099,afr
5100,tsn
5101,afr
5102,tsn
5103,tsn
5104,tsn
5105,afr
5106,sot
5107,sot
5108,ven
5109,nso
5110,nso
5111,nbl
5112,nso
5113,sot
5114,afr
5115,nbl
5116,sot
5117,xho
5118,nso
5119,afr
5120,sot
5121,ven
5122,zul
5123,sot
5124,nso
5125,afr
5126,afr
5127,zul
5128,ssw
5129,ven
5130,xho
5131,afr
5132,nso
5133,ssw
5134,tso
5135,nbl
5136,tsn
5137,tsn
5138,tsn
5139,xho
5140,tso
5141,xho
5142,xho
5143,eng
5144,tsn
5145,tso
5146,afr
5147,nso
5148,ven
5149,xho
5150,tsn
5151,afr
5152,nso
5153,nso
5154,tso
5155,nbl
5156,sot
5157,sot
5158,ssw
5159,eng
5160,ssw
5161,nso
5162,tsn
5163,sot
5164,ven
5165,afr
5166,nso
5167,tso
5168,xho
5169,nso
5170,tsn
5171,nso
5172,zul
5173,nbl
5174,zul
5175,afr
5176,tso
5177,sot
5178,ven
5179,sot
5180,nbl
5181,tso
5182,afr
5183,afr
5184,sot
5185,sot
5186,sot
5187,sot
5188,nso
5189,zul
5190,nso
5191,zul
5192,ssw
5193,xho
5194,xho
5195,zul
5196,ven
5197,eng
5198,nbl
5199,sot
5200,ven
5201,nbl
5202,nso
5203,nbl
5204,afr
5205,afr
5206,afr
5207,tsn
5208,nbl
5209,tso
5210,ven
5211,nso
5212,tso
5213,ven
5214,sot
5215,nso
5216,xho
5217,afr
5218,afr
5219,ven
5220,zul
5221,xho
5222,tsn
5223,ven
5224,tso
5225,nbl
5226,afr
5227,nso
5228,nso
5229,nbl
5230,afr
5231,tso
5232,sot
5233,sot
5234,tso
5235,nso
5236,tsn
5237,sot
5238,ven
5239,nso
5240,zul
5241,nso
5242,ven
5243,tsn
5244,tso
5245,nbl
5246,nso
5247,xho
5248,nso
5249,xho
5250,ssw
5251,ssw
5252,afr
5253,tso
5254,sot
5255,ven
5256,nbl
5257,sot
5258,nso
5259,zul
5260,nso
5261,afr
5262,tso
5263,tsn
5264,tso
5265,nso
5266,tsn
5267,ven
5268,ven
5269,tsn
5270,ven
5271,sot
5272,eng
5273,ssw
5274,sot
5275,tso
5276,tsn
5277,afr
5278,ven
5279,sot
5280,afr
5281,zul
5282,ssw
5283,nbl
5284,nso
5285,tsn
5286,sot
5287,tsn
5288,nso
5289,tso
5290,tsn
5291,xho
5292,sot
5293,zul
5294,ven
5295,xho
5296,tsn
5297,tso
5298,nso
5299,afr
5300,tso
5301,ssw
5302,ssw
5303,ssw
5304,xho
5305,xho
5306,afr
5307,afr
5308,nso
5309,nso
5310,sot
5311,xho
5312,tso
5313,xho
5314,nbl
5315,zul
5316,afr
5317,xho
5318,sot
5319,sot
5320,ven
5321,xho
5322,eng
5323,eng
5324,afr
5325,ven
5326,tsn
5327,afr
5328,tsn
5329,ven
5330,xho
5331,nbl
5332,tsn
5333,xho
5334,nbl
5335,sot
5336,nso
5337,afr
5338,ven
5339,xho
5340,zul
5341,afr
5342,xho
5343,ven
5344,sot
5345,ven
5346,ssw
5347,afr
5348,xho
5349,ven
5350,ven
5351,xho
5352,sot
5353,sot
5354,ssw
5355,nso
5356,xho
5357,nbl
5358,zul
5359,afr
5360,afr
5361,nso
5362,xho
5363,ssw
5364,nso
5365,nbl
5366,sot
5367,zul
5368,ven
5369,nso
5370,afr
5371,ven
5372,afr
5373,tso
5374,ven
5375,tsn
5376,nso
5377,xho
5378,tso
5379,eng
5380,sot
5381,nso
5382,tsn
5383,eng
5384,ven
5385,nbl
5386,nso
5387,afr
5388,tsn
5389,ssw
5390,ven
5391,tso
5392,sot
5393,sot
5394,tsn
5395,sot
5396,tso
5397,nso
5398,ven
5399,tsn
5400,sot
5401,ven
5402,sot
5403,nso
5404,tsn
5405,afr
5406,nbl
5407,ven
5408,xho
5409,tsn
5410,xho
5411,sot
5412,eng
5413,ven
5414,tsn
5415,ven
5416,ven
5417,ssw
5418,ssw
5419,afr
5420,afr
5421,nso
5422,nso
5423,tsn
5424,tsn
5425,sot
5426,afr
5427,tsn
5428,tso
5429,nso
5430,nso
5431,tso
5432,tso
5433,nso
5434,zul
5435,afr
5436,tso
5437,eng
5438,xho
5439,ven
5440,zul
5441,sot
5442,ven
5443,ssw
5444,ssw
5445,sot
5446,afr
5447,afr
5448,sot
5449,tsn
5450,tso
5451,ssw
5452,tso
5453,zul
5454,nso
5455,tsn
5456,afr
5457,tso
5458,ven
5459,tsn
5460,tsn
5461,afr
5462,ven
5463,nso
5464,xho
5465,tso
5466,ven
5467,nso
5468,xho
5469,ven
5470,sot
5471,tsn
5472,ven
5473,tsn
5474,nso
5475,sot
5476,zul
5477,xho
5478,tsn
5479,tso
5480,nso
5481,nso
5482,nso
5483,sot
5484,afr
5485,eng
5486,zul
5487,ssw
5488,tso
5489,eng
5490,tsn
5491,nbl
5492,sot
5493,tsn
5494,ven
5495,nso
5496,ven
5497,tsn
5498,ven
5499,tso
5500,tsn
5501,sot
5502,sot
5503,tsn
5504,eng
5505,xho
5506,tsn
5507,tsn
5508,nso
5509,afr
5510,sot
5511,afr
5512,eng
5513,nso
5514,nso
5515,zul
5516,ssw
5517,nso
5518,xho
5519,eng
5520,ven
5521,tsn
5522,zul
5523,xho
5524,ssw
5525,afr
5526,ven
5527,nso
5528,ven
5529,sot
5530,xho
5531,sot
5532,nso
5533,tsn
5534,nbl
5535,afr
5536,xho
5537,ven
5538,sot
5539,tso
5540,nbl
5541,ven
5542,afr
5543,xho
5544,tsn
5545,nso
5546,ven
5547,sot
5548,zul
5549,xho
5550,afr
5551,nso
5552,nso
5553,afr
5554,ssw
5555,ven
5556,xho
5557,tsn
5558,sot
5559,nbl
5560,sot
5561,tsn
5562,nso
5563,nso
5564,afr
5565,afr
5566,nso
5567,nso
5568,tso
5569,zul
5570,ven
5571,tso
5572,ven
5573,ven
5574,sot
5575,nso
5576,ven
5577,tso
5578,eng
5579,ven
5580,sot
5581,tsn
5582,ssw
5583,ven
5584,zul
5585,zul
5586,sot
5587,nbl
5588,ssw
5589,nso
5590,tso
5591,tsn
5592,nso
5593,tsn
5594,tsn
5595,tsn
5596,afr
5597,tsn
5598,nbl
5599,nso
5600,xho
5601,xho
5602,nso
5603,tso
5604,sot
5605,ven
5606,zul
5607,tsn
5608,sot
5609,xho
5610,nso
5611,afr
5612,tsn
5613,afr
5614,nso
5615,zul
5616,ssw
5617,ven
5618,tso
5619,ven
5620,afr
5621,tsn
5622,afr
5623,ssw
5624,tsn
5625,tsn
5626,xho
5627,afr
5628,tsn
5629,afr
5630,tsn
5631,sot
5632,ssw
5633,nso
5634,xho
5635,tso
5636,zul
5637,ssw
5638,ssw
5639,zul
5640,tsn
5641,tsn
5642,nso
5643,xho
5644,tso
5645,afr
5646,tso
5647,tsn
5648,ssw
5649,nso
5650,tso
5651,tsn
5652,tsn
5653,nbl
5654,sot
5655,nso
5656,nso
5657,ven
5658,nso
5659,zul
5660,ven
5661,ven
5662,zul
5663,ssw
5664,afr
5665,ven
5666,afr
5667,ssw
5668,xho
5669,nbl
5670,nbl
5671,eng
5672,sot
5673,afr
5674,ven
5675,nso
5676,ven
5677,nso
5678,eng
5679,nso
5680,sot
5681,sot
5682,nbl
